user_query,output,flag,username,timestamp
what is covid,"<think>
Okay, so I need to figure out how to respond to the user's query about ""what is COVID."" Let me start by understanding what they're asking for. The term ""COVID"" likely refers to COVID-19, which is the acronym for CoV-2, the virus that causes the disease. I should explain what COVID-19 is and provide some context about its impact.

First, I'll outline the basics: when it was first identified, where, and who identified it. Then, I'll talk about how it spreads—common methods like droplets from coughing or sneezing, touching surfaces, etc. It's important to mention that asymptomatic transmission is possible, so even people without symptoms can spread the virus.

Next, I should cover the symptoms of COVID-19. They can vary from mild to severe, including things like fever, cough, fatigue, loss of taste or smell, and more serious ones like difficulty breathing. It's good to note that some people might not show any symptoms but still be contagious.

Then, I need to explain how it affects individuals differently based on factors like age, health conditions, and immunity. Highlighting vulnerable groups can provide context on why certain measures are important.

Prevention methods should be detailed—handwashing, wearing masks, social distancing, avoiding crowded places, and the importance of testing and vaccination. I'll mention that while vaccination is effective, it's not a guarantee against transmission, so other precautions are still necessary.

I should also touch on how COVID-19 has impacted society globally—economically, educationally, mentally, etc.—to give a broader picture of its impact beyond just the health aspects.

Finally, wrap it up by emphasizing that while there have been advancements in understanding and fighting the virus, it's still a significant challenge. Encouraging adherence to guidelines and vaccination can help mitigate the pandemic's effects.

I need to make sure the information is clear and accessible, avoiding too much technical jargon so it's understandable for everyone. I'll structure this into sections with headings for each part to make it easy to follow.
</think>

**Understanding COVID-19: An Overview**

COVID-19 refers to the disease caused by the novel coronavirus, SARS-CoV-2, which was first identified in late 2019 during an outbreak in Wuhan, China. It is a highly contagious virus that has had profound global impacts, leading to a pandemic marked by unprecedented public health measures and scientific responses.

**How It Spreads:**

- **Transmission:** COVID-19 spreads through respiratory droplets when an infected person coughs, sneezes, or talks. It can also spread by touching surfaces contaminated with the virus and then touching one's mouth, nose, or eyes.
- **Asymptomatic Transmission:** Notable is the possibility of transmission even when individuals show no symptoms.

**Symptoms and Variability:**

Symptoms vary widely, from mild to severe:
- Common Symptoms: fever, cough, fatigue, loss of taste or smell.
- Severe Symptoms: difficulty breathing, rapid breathing, chest pain, high fever, and in some cases, multi-organ failure.

Even asymptomatic individuals can be contagious, highlighting the importance of precautions like mask-wearing and social distancing.

**Impact on Individuals:**

Vulnerability varies among groups:
- **High-Risk Groups:** The elderly, immunocompromised individuals, those with pre-existing conditions, and children are more susceptible to severe illness.
- **Immunity:** While vaccination reduces severity, it doesn't eliminate transmission, necessitating continued precautions.

**Prevention Measures:**

Essential practices include:
- **Handwashing:** Thoroughly washing with soap and water.
- **Mask-Wearing:** Particularly in crowded or high-risk settings.
- **Social Distancing:** Maintaining a safe distance from others.
- **Avoid Crowds:** Steer clear of large gatherings.
- **Testing:** Regular testing, especially for those exposed.
- **Vaccination:** While effective, it's not a guarantee against transmission.

**Societal Impact:**

The pandemic has affected society in numerous ways:
- **Economic Disruption:** Shutdowns, remote work, and job losses.
- **Educational Challenges:** Shift to online learning and disrupted routines.
- **Mental Health:** Increased stress, anxiety, and depression due to isolation and uncertainty.

**Conclusion:**

COVID-19 remains a significant challenge despite advancements in prevention and treatment. Adherence to public health guidelines, vaccination efforts, and continued research hold the key to mitigating its impact. Staying informed and proactive can help us navigate this ongoing global health crisis.",,,2025-02-27 00:08:55.881076
